192.42.116.18, 02b4561b78fa16e5650a45410022c606
209.141.55.10, 02b4561b78fa16e5650a45410022c606
64.137.220.248, 02b4561b78fa16e5650a45410022c606
77.247.181.165, 02b4561b78fa16e5650a45410022c606
51.15.34.214, 02b4561b78fa16e5650a45410022c606
87.118.122.30, 02b4561b78fa16e5650a45410022c606
18.85.22.239, 02b4561b78fa16e5650a45410022c606
185.220.101.7, 02b4561b78fa16e5650a45410022c606
103.3.61.114, 02b4561b78fa16e5650a45410022c606
84.19.181.25, 02b4561b78fa16e5650a45410022c606
66.175.211.27, 02b4561b78fa16e5650a45410022c606
94.156.77.134, 02b4561b78fa16e5650a45410022c606
89.187.150.12, 02b4561b78fa16e5650a45410022c606
94.230.208.147, 02b4561b78fa16e5650a45410022c606
46.223.202.46, 02b4561b78fa16e5650a45410022c606
185.248.160.231, 02b4561b78fa16e5650a45410022c606
118.163.74.160, 02b4561b78fa16e5650a45410022c606
162.247.74.27, 02b4561b78fa16e5650a45410022c606
193.107.85.56, 02b4561b78fa16e5650a45410022c606
199.249.230.66, 02b4561b78fa16e5650a45410022c606
80.68.92.225, 02b4561b78fa16e5650a45410022c606
77.73.65.100, 02b4561b78fa16e5650a45410022c606
192.42.116.23, 02b4561b78fa16e5650a45410022c606
185.220.100.254, 02b4561b78fa16e5650a45410022c606
178.17.174.232, 02b4561b78fa16e5650a45410022c606
139.162.144.133, 02b4561b78fa16e5650a45410022c606
51.15.224.0, 02b4561b78fa16e5650a45410022c606
91.121.112.181, 02b4561b78fa16e5650a45410022c606
204.17.56.42, 02b4561b78fa16e5650a45410022c606
185.220.101.5, 02b4561b78fa16e5650a45410022c606
104.244.76.13, 02b4561b78fa16e5650a45410022c606
185.165.168.77, 02b4561b78fa16e5650a45410022c606
185.65.205.10, 02b4561b78fa16e5650a45410022c606
109.70.100.19, 02b4561b78fa16e5650a45410022c606
176.31.45.3, 02b4561b78fa16e5650a45410022c606
192.34.80.176, 02b4561b78fa16e5650a45410022c606
77.87.77.124, 02b4561b78fa16e5650a45410022c606
185.220.102.4, 02b4561b78fa16e5650a45410022c606
192.99.247.1, 02b4561b78fa16e5650a45410022c606
107.181.161.182, 02b4561b78fa16e5650a45410022c606
94.102.49.197, 02b4561b78fa16e5650a45410022c606
185.112.82.101, 02b4561b78fa16e5650a45410022c606
198.40.54.178, 02b4561b78fa16e5650a45410022c606
82.223.14.245, 02b4561b78fa16e5650a45410022c606
160.119.249.24, 02b4561b78fa16e5650a45410022c606
104.244.75.82, 02b4561b78fa16e5650a45410022c606
144.217.60.239, 02b4561b78fa16e5650a45410022c606
199.249.230.69, 02b4561b78fa16e5650a45410022c606
192.42.116.19, 02b4561b78fa16e5650a45410022c606
85.199.141.237, 02b4561b78fa16e5650a45410022c606
125.212.241.182, 02b4561b78fa16e5650a45410022c606
158.255.6.242, 02b4561b78fa16e5650a45410022c606
94.221.122.167, 02b4561b78fa16e5650a45410022c606
178.17.174.198, 02b4561b78fa16e5650a45410022c606
82.118.242.128, 02b4561b78fa16e5650a45410022c606
87.120.254.204, 02b4561b78fa16e5650a45410022c606
92.223.105.164, 02b4561b78fa16e5650a45410022c606
176.10.104.240, 02b4561b78fa16e5650a45410022c606
51.15.80.14, 02b4561b78fa16e5650a45410022c606
179.43.134.156, 02b4561b78fa16e5650a45410022c606
77.247.181.165, 02b4561b78fa16e5650a45410022c606
185.222.202.104, 02b4561b78fa16e5650a45410022c606
212.81.199.159, 02b4561b78fa16e5650a45410022c606
201.80.40.186, 02b4561b78fa16e5650a45410022c606
82.223.27.82, 02b4561b78fa16e5650a45410022c606
176.10.99.200, 02b4561b78fa16e5650a45410022c606
199.249.224.41, 02b4561b78fa16e5650a45410022c606
84.38.130.106, 02b4561b78fa16e5650a45410022c606
158.69.192.200, 02b4561b78fa16e5650a45410022c606
178.17.170.164, 02b4561b78fa16e5650a45410022c606
46.166.139.35, 02b4561b78fa16e5650a45410022c606
104.200.20.46, 02b4561b78fa16e5650a45410022c606
185.220.101.6, 02b4561b78fa16e5650a45410022c606
185.220.102.8, 02b4561b78fa16e5650a45410022c606
178.17.174.10, 02b4561b78fa16e5650a45410022c606
162.247.74.216, 02b4561b78fa16e5650a45410022c606
45.62.253.113, 02b4561b78fa16e5650a45410022c606
185.165.169.165, 02b4561b78fa16e5650a45410022c606
46.36.35.96, 02b4561b78fa16e5650a45410022c606
62.210.116.201, 02b4561b78fa16e5650a45410022c606
5.196.1.129, 02b4561b78fa16e5650a45410022c606
209.141.58.33, 02b4561b78fa16e5650a45410022c606
66.155.4.213, 02b4561b78fa16e5650a45410022c606
178.17.166.146, 02b4561b78fa16e5650a45410022c606
195.254.134.242, 02b4561b78fa16e5650a45410022c606
192.160.102.164, 02b4561b78fa16e5650a45410022c606
80.67.172.162, 02b4561b78fa16e5650a45410022c606
162.247.74.202, 02b4561b78fa16e5650a45410022c606
84.217.13.138, 02b4561b78fa16e5650a45410022c606
31.185.104.20, 02b4561b78fa16e5650a45410022c606
176.10.99.200, 02b4561b78fa16e5650a45410022c606
178.17.171.114, 02b4561b78fa16e5650a45410022c606
195.123.209.104, 02b4561b78fa16e5650a45410022c606
78.107.237.16, 02b4561b78fa16e5650a45410022c606
18.18.248.40, 02b4561b78fa16e5650a45410022c606
185.220.102.7, 02b4561b78fa16e5650a45410022c606
188.235.43.96, 02b4561b78fa16e5650a45410022c606
199.249.230.70, 02b4561b78fa16e5650a45410022c606
149.36.64.8, 02b4561b78fa16e5650a45410022c606
124.87.183.146, 02b4561b78fa16e5650a45410022c606
185.220.100.252, 02b4561b78fa16e5650a45410022c606
54.36.222.37, 02b4561b78fa16e5650a45410022c606
178.19.111.149, 02b4561b78fa16e5650a45410022c606
142.44.232.107, 02b4561b78fa16e5650a45410022c606
78.142.19.43, 02b4561b78fa16e5650a45410022c606
64.250.228.194, 02b4561b78fa16e5650a45410022c606
158.69.201.47, 02b4561b78fa16e5650a45410022c606
139.99.96.114, 02b4561b78fa16e5650a45410022c606
142.44.232.114, 02b4561b78fa16e5650a45410022c606
193.90.12.116, 02b4561b78fa16e5650a45410022c606
185.107.94.183, 02b4561b78fa16e5650a45410022c606
192.160.102.170, 02b4561b78fa16e5650a45410022c606
98.174.90.43, 02b4561b78fa16e5650a45410022c606
185.220.101.9, 02b4561b78fa16e5650a45410022c606
178.238.237.44, 02b4561b78fa16e5650a45410022c606
193.150.121.70, 02b4561b78fa16e5650a45410022c606
185.220.101.3, 02b4561b78fa16e5650a45410022c606
145.239.93.33, 02b4561b78fa16e5650a45410022c606
62.210.110.181, 02b4561b78fa16e5650a45410022c606
185.10.68.11, 02b4561b78fa16e5650a45410022c606
81.17.27.131, 02b4561b78fa16e5650a45410022c606
109.169.33.163, 02b4561b78fa16e5650a45410022c606
95.142.161.63, 02b4561b78fa16e5650a45410022c606
64.137.223.19, 02b4561b78fa16e5650a45410022c606
82.221.101.67, 02b4561b78fa16e5650a45410022c606
149.202.238.204, 02b4561b78fa16e5650a45410022c606
204.85.191.30, 02b4561b78fa16e5650a45410022c606
178.19.111.150, 02b4561b78fa16e5650a45410022c606
188.116.11.110, 02b4561b78fa16e5650a45410022c606
82.221.139.25, 02b4561b78fa16e5650a45410022c606
81.17.27.140, 02b4561b78fa16e5650a45410022c606
51.15.88.249, 02b4561b78fa16e5650a45410022c606
158.69.37.14, 02b4561b78fa16e5650a45410022c606
87.118.122.254, 02b4561b78fa16e5650a45410022c606
51.38.162.232, 02b4561b78fa16e5650a45410022c606
192.42.116.16, 02b4561b78fa16e5650a45410022c606
46.182.106.190, 02b4561b78fa16e5650a45410022c606
46.101.61.36, 02b4561b78fa16e5650a45410022c606
70.168.93.214, 02b4561b78fa16e5650a45410022c606
185.10.68.225, 02b4561b78fa16e5650a45410022c606
31.220.42.86, 02b4561b78fa16e5650a45410022c606
46.194.169.178, 02b4561b78fa16e5650a45410022c606
185.10.68.128, 02b4561b78fa16e5650a45410022c606
162.247.74.201, 02b4561b78fa16e5650a45410022c606
190.10.8.50, 02b4561b78fa16e5650a45410022c606
46.20.35.114, 02b4561b78fa16e5650a45410022c606
199.249.224.44, 02b4561b78fa16e5650a45410022c606
72.52.75.27, 02b4561b78fa16e5650a45410022c606
185.165.168.168, 02b4561b78fa16e5650a45410022c606
84.48.199.78, 02b4561b78fa16e5650a45410022c606
198.98.58.135, 02b4561b78fa16e5650a45410022c606
80.241.60.207, 02b4561b78fa16e5650a45410022c606
89.31.96.168, 02b4561b78fa16e5650a45410022c606
144.217.60.211, 02b4561b78fa16e5650a45410022c606
213.252.140.118, 02b4561b78fa16e5650a45410022c606
192.42.116.14, 02b4561b78fa16e5650a45410022c606
5.2.77.146, 02b4561b78fa16e5650a45410022c606
51.15.209.128, 02b4561b78fa16e5650a45410022c606
185.220.101.0, 02b4561b78fa16e5650a45410022c606
54.37.68.143, 02b4561b78fa16e5650a45410022c606
37.228.129.2, 02b4561b78fa16e5650a45410022c606
23.129.64.106, 02b4561b78fa16e5650a45410022c606
64.137.220.163, 02b4561b78fa16e5650a45410022c606
195.123.224.108, 02b4561b78fa16e5650a45410022c606
193.90.12.119, 02b4561b78fa16e5650a45410022c606
185.104.120.3, 02b4561b78fa16e5650a45410022c606
185.244.216.60, 02b4561b78fa16e5650a45410022c606
91.92.109.119, 02b4561b78fa16e5650a45410022c606
89.248.162.130, 02b4561b78fa16e5650a45410022c606
80.127.116.96, 02b4561b78fa16e5650a45410022c606
77.247.181.163, 02b4561b78fa16e5650a45410022c606
139.162.226.245, 02b4561b78fa16e5650a45410022c606
51.15.72.211, 02b4561b78fa16e5650a45410022c606
107.181.187.55, 02b4561b78fa16e5650a45410022c606
204.8.156.142, 02b4561b78fa16e5650a45410022c606
185.222.202.12, 02b4561b78fa16e5650a45410022c606
144.217.60.239, 02b4561b78fa16e5650a45410022c606
23.129.64.105, 02b4561b78fa16e5650a45410022c606
87.118.92.43, 02b4561b78fa16e5650a45410022c606
89.187.150.15, 02b4561b78fa16e5650a45410022c606
185.220.100.254, 02b4561b78fa16e5650a45410022c606
87.118.122.50, 02b4561b78fa16e5650a45410022c606
94.142.242.84, 02b4561b78fa16e5650a45410022c606
5.101.40.89, 02b4561b78fa16e5650a45410022c606
178.175.148.224, 02b4561b78fa16e5650a45410022c606
51.15.82.2, 02b4561b78fa16e5650a45410022c606
167.99.212.139, 02b4561b78fa16e5650a45410022c606
51.15.53.83, 02b4561b78fa16e5650a45410022c606
51.38.146.239, 02b4561b78fa16e5650a45410022c606
176.31.208.193, 02b4561b78fa16e5650a45410022c606
167.114.34.150, 02b4561b78fa16e5650a45410022c606
141.255.162.34, 02b4561b78fa16e5650a45410022c606
185.117.215.9, 02b4561b78fa16e5650a45410022c606
176.10.99.200, 02b4561b78fa16e5650a45410022c606
185.24.218.171, 02b4561b78fa16e5650a45410022c606
171.25.193.25, 02b4561b78fa16e5650a45410022c606
154.16.3.119, 02b4561b78fa16e5650a45410022c606
81.17.27.135, 02b4561b78fa16e5650a45410022c606
94.102.51.78, 02b4561b78fa16e5650a45410022c606
185.104.120.2, 02b4561b78fa16e5650a45410022c606
185.220.101.34, 02b4561b78fa16e5650a45410022c606
159.69.91.3, 02b4561b78fa16e5650a45410022c606
178.32.51.31, 02b4561b78fa16e5650a45410022c606
114.24.214.73, 02b4561b78fa16e5650a45410022c606
185.220.101.25, 02b4561b78fa16e5650a45410022c606
178.175.129.91, 02b4561b78fa16e5650a45410022c606
217.147.169.75, 02b4561b78fa16e5650a45410022c606
185.220.101.44, 02b4561b78fa16e5650a45410022c606
195.176.3.19, 02b4561b78fa16e5650a45410022c606
193.169.145.66, 02b4561b78fa16e5650a45410022c606
185.100.87.207, 02b4561b78fa16e5650a45410022c606
199.249.230.67, 02b4561b78fa16e5650a45410022c606
178.17.166.149, 02b4561b78fa16e5650a45410022c606
199.249.223.76, 02b4561b78fa16e5650a45410022c606
46.165.230.5, 02b4561b78fa16e5650a45410022c606
81.17.27.130, 02b4561b78fa16e5650a45410022c606
142.44.232.109, 02b4561b78fa16e5650a45410022c606
197.231.221.211, 02b4561b78fa16e5650a45410022c606
160.202.163.46, 02b4561b78fa16e5650a45410022c606
66.42.224.235, 02b4561b78fa16e5650a45410022c606
64.137.221.225, 02b4561b78fa16e5650a45410022c606
185.82.216.233, 02b4561b78fa16e5650a45410022c606
23.129.64.101, 02b4561b78fa16e5650a45410022c606
142.44.232.99, 02b4561b78fa16e5650a45410022c606
185.220.101.10, 02b4561b78fa16e5650a45410022c606
95.130.11.170, 02b4561b78fa16e5650a45410022c606
45.62.236.67, 02b4561b78fa16e5650a45410022c606
104.244.73.126, 02b4561b78fa16e5650a45410022c606
199.249.224.49, 02b4561b78fa16e5650a45410022c606
198.98.61.36, 02b4561b78fa16e5650a45410022c606
207.244.70.35, 02b4561b78fa16e5650a45410022c606
199.249.223.78, 02b4561b78fa16e5650a45410022c606
54.37.16.241, 02b4561b78fa16e5650a45410022c606
176.10.99.200, 02b4561b78fa16e5650a45410022c606
176.10.104.240, 02b4561b78fa16e5650a45410022c606
93.174.93.133, 02b4561b78fa16e5650a45410022c606
37.48.120.196, 02b4561b78fa16e5650a45410022c606
176.10.99.200, 02b4561b78fa16e5650a45410022c606
185.220.101.45, 02b4561b78fa16e5650a45410022c606
185.100.85.190, 02b4561b78fa16e5650a45410022c606
212.16.104.33, 02b4561b78fa16e5650a45410022c606
185.220.101.15, 02b4561b78fa16e5650a45410022c606
46.182.19.219, 02b4561b78fa16e5650a45410022c606
217.182.168.178, 02b4561b78fa16e5650a45410022c606
199.249.224.43, 02b4561b78fa16e5650a45410022c606
95.130.9.90, 02b4561b78fa16e5650a45410022c606
81.17.27.136, 02b4561b78fa16e5650a45410022c606
81.17.27.138, 02b4561b78fa16e5650a45410022c606
192.42.116.26, 02b4561b78fa16e5650a45410022c606
176.123.26.14, 02b4561b78fa16e5650a45410022c606
74.115.25.12, 02b4561b78fa16e5650a45410022c606
54.39.119.68, 02b4561b78fa16e5650a45410022c606
176.10.99.200, 02b4561b78fa16e5650a45410022c606
199.249.224.47, 02b4561b78fa16e5650a45410022c606
82.213.195.118, 02b4561b78fa16e5650a45410022c606
95.211.118.194, 02b4561b78fa16e5650a45410022c606
199.249.223.63, 02b4561b78fa16e5650a45410022c606
104.244.76.50, 02b4561b78fa16e5650a45410022c606
198.211.122.191, 02b4561b78fa16e5650a45410022c606
31.171.155.100, 02b4561b78fa16e5650a45410022c606
178.17.166.147, 02b4561b78fa16e5650a45410022c606
62.210.157.133, 02b4561b78fa16e5650a45410022c606
109.70.100.18, 02b4561b78fa16e5650a45410022c606
213.61.215.54, 02b4561b78fa16e5650a45410022c606
206.248.184.127, 02b4561b78fa16e5650a45410022c606
185.10.68.11, 02b4561b78fa16e5650a45410022c606
51.38.134.189, 02b4561b78fa16e5650a45410022c606
185.24.218.182, 02b4561b78fa16e5650a45410022c606
185.127.25.68, 02b4561b78fa16e5650a45410022c606
87.118.116.90, 02b4561b78fa16e5650a45410022c606
91.134.147.249, 02b4561b78fa16e5650a45410022c606
92.195.25.87, 02b4561b78fa16e5650a45410022c606
185.24.218.173, 02b4561b78fa16e5650a45410022c606
178.17.170.13, 02b4561b78fa16e5650a45410022c606
46.182.19.15, 02b4561b78fa16e5650a45410022c606
66.222.153.25, 02b4561b78fa16e5650a45410022c606
217.12.221.196, 02b4561b78fa16e5650a45410022c606
176.53.90.26, 02b4561b78fa16e5650a45410022c606
190.162.198.98, 02b4561b78fa16e5650a45410022c606
51.15.99.115, 02b4561b78fa16e5650a45410022c606
130.149.80.199, 02b4561b78fa16e5650a45410022c606
212.21.66.6, 02b4561b78fa16e5650a45410022c606
199.87.154.255, 02b4561b78fa16e5650a45410022c606
37.220.36.240, 02b4561b78fa16e5650a45410022c606
162.247.74.74, 02b4561b78fa16e5650a45410022c606
128.199.47.160, 02b4561b78fa16e5650a45410022c606
212.92.219.15, 02b4561b78fa16e5650a45410022c606
185.24.218.172, 02b4561b78fa16e5650a45410022c606
27.124.124.126, 02b4561b78fa16e5650a45410022c606
163.172.174.24, 02b4561b78fa16e5650a45410022c606
37.187.129.166, 02b4561b78fa16e5650a45410022c606
192.168.15.31, 191.34.129.123, 02b4561b78fa16e5650a45410022c606
54.38.142.76, 02b4561b78fa16e5650a45410022c606
199.249.223.60, 02b4561b78fa16e5650a45410022c606
178.165.72.177, 02b4561b78fa16e5650a45410022c606
104.244.78.163, 02b4561b78fa16e5650a45410022c606
51.38.69.128, 02b4561b78fa16e5650a45410022c606
91.92.109.69, 02b4561b78fa16e5650a45410022c606
199.249.223.71, 02b4561b78fa16e5650a45410022c606
50.116.37.141, 02b4561b78fa16e5650a45410022c606
199.249.230.64, 02b4561b78fa16e5650a45410022c606
24.3.111.83, 02b4561b78fa16e5650a45410022c606
193.110.157.151, 02b4561b78fa16e5650a45410022c606
31.31.72.24, 02b4561b78fa16e5650a45410022c606
185.222.202.125, 02b4561b78fa16e5650a45410022c606
178.32.147.150, 02b4561b78fa16e5650a45410022c606
91.92.109.43, 02b4561b78fa16e5650a45410022c606
176.126.70.240, 02b4561b78fa16e5650a45410022c606
185.100.86.154, 02b4561b78fa16e5650a45410022c606
5.187.21.43, 02b4561b78fa16e5650a45410022c606
185.220.100.253, 02b4561b78fa16e5650a45410022c606
162.213.3.221, 02b4561b78fa16e5650a45410022c606
178.19.110.116, 02b4561b78fa16e5650a45410022c606
193.201.225.45, 02b4561b78fa16e5650a45410022c606
185.220.101.28, 02b4561b78fa16e5650a45410022c606
94.230.208.147, 02b4561b78fa16e5650a45410022c606
178.17.170.135, 02b4561b78fa16e5650a45410022c606
164.77.133.220, 02b4561b78fa16e5650a45410022c606
185.220.101.27, 02b4561b78fa16e5650a45410022c606
174.18.111.75, 02b4561b78fa16e5650a45410022c606
158.69.193.32, 02b4561b78fa16e5650a45410022c606
198.167.223.38, 02b4561b78fa16e5650a45410022c606
23.156.192.3, 02b4561b78fa16e5650a45410022c606
162.247.74.200, 02b4561b78fa16e5650a45410022c606
139.162.62.105, 02b4561b78fa16e5650a45410022c606
66.146.193.33, 02b4561b78fa16e5650a45410022c606
141.255.162.36, 02b4561b78fa16e5650a45410022c606
91.219.237.244, 02b4561b78fa16e5650a45410022c606
178.19.110.115, 02b4561b78fa16e5650a45410022c606
185.66.200.10, 02b4561b78fa16e5650a45410022c606
171.25.193.20, 02b4561b78fa16e5650a45410022c606
62.102.148.67, 02b4561b78fa16e5650a45410022c606
139.99.173.172, 02b4561b78fa16e5650a45410022c606
185.165.168.229, 02b4561b78fa16e5650a45410022c606
212.47.246.21, 02b4561b78fa16e5650a45410022c606
195.176.3.24, 02b4561b78fa16e5650a45410022c606
23.129.64.104, 02b4561b78fa16e5650a45410022c606
195.123.226.153, 02b4561b78fa16e5650a45410022c606
104.223.123.98, 02b4561b78fa16e5650a45410022c606
195.123.217.153, 02b4561b78fa16e5650a45410022c606
37.187.129.166, 02b4561b78fa16e5650a45410022c606
185.220.101.21, 02b4561b78fa16e5650a45410022c606
62.141.39.8, 02b4561b78fa16e5650a45410022c606
144.217.60.211, 02b4561b78fa16e5650a45410022c606
133.218.132.46, 02b4561b78fa16e5650a45410022c606
108.45.108.55, 02b4561b78fa16e5650a45410022c606
178.19.110.114, 02b4561b78fa16e5650a45410022c606
82.247.198.227, 02b4561b78fa16e5650a45410022c606
51.15.49.134, 02b4561b78fa16e5650a45410022c606
81.17.27.137, 02b4561b78fa16e5650a45410022c606
217.147.169.49, 02b4561b78fa16e5650a45410022c606
193.107.85.62, 02b4561b78fa16e5650a45410022c606
31.31.74.131, 02b4561b78fa16e5650a45410022c606
35.0.127.52, 02b4561b78fa16e5650a45410022c606
223.26.48.248, 02b4561b78fa16e5650a45410022c606
79.137.79.167, 02b4561b78fa16e5650a45410022c606
5.133.8.102, 02b4561b78fa16e5650a45410022c606
162.247.74.204, 02b4561b78fa16e5650a45410022c606
185.100.87.129, 02b4561b78fa16e5650a45410022c606
104.223.123.98, 02b4561b78fa16e5650a45410022c606
46.233.0.70, 02b4561b78fa16e5650a45410022c606
46.17.46.199, 02b4561b78fa16e5650a45410022c606
87.118.116.12, 02b4561b78fa16e5650a45410022c606
185.242.113.224, 02b4561b78fa16e5650a45410022c606
185.100.86.100, 02b4561b78fa16e5650a45410022c606
176.31.180.157, 02b4561b78fa16e5650a45410022c606
103.234.220.197, 02b4561b78fa16e5650a45410022c606
178.175.135.101, 02b4561b78fa16e5650a45410022c606
195.176.3.23, 02b4561b78fa16e5650a45410022c606
81.17.27.141, 02b4561b78fa16e5650a45410022c606
178.17.170.194, 02b4561b78fa16e5650a45410022c606
163.172.132.199, 02b4561b78fa16e5650a45410022c606
66.110.216.10, 02b4561b78fa16e5650a45410022c606
141.255.162.38, 02b4561b78fa16e5650a45410022c606
185.100.85.147, 02b4561b78fa16e5650a45410022c606
198.50.200.135, 02b4561b78fa16e5650a45410022c606
172.103.94.91, 02b4561b78fa16e5650a45410022c606
94.168.35.70, 02b4561b78fa16e5650a45410022c606
139.99.98.191, 02b4561b78fa16e5650a45410022c606
160.202.162.186, 02b4561b78fa16e5650a45410022c606
178.17.174.196, 02b4561b78fa16e5650a45410022c606
178.175.131.194, 02b4561b78fa16e5650a45410022c606
92.63.103.241, 02b4561b78fa16e5650a45410022c606
78.31.164.41, 02b4561b78fa16e5650a45410022c606
94.242.57.161, 02b4561b78fa16e5650a45410022c606
195.254.135.76, 02b4561b78fa16e5650a45410022c606
185.220.101.20, 02b4561b78fa16e5650a45410022c606
96.66.15.147, 02b4561b78fa16e5650a45410022c606
185.24.218.180, 02b4561b78fa16e5650a45410022c606
142.44.232.102, 02b4561b78fa16e5650a45410022c606
185.175.208.180, 02b4561b78fa16e5650a45410022c606
192.160.102.165, 02b4561b78fa16e5650a45410022c606
84.0.40.53, 02b4561b78fa16e5650a45410022c606
54.39.119.69, 02b4561b78fa16e5650a45410022c606
62.210.71.205, 02b4561b78fa16e5650a45410022c606
146.0.42.41, 02b4561b78fa16e5650a45410022c606
192.42.116.27, 02b4561b78fa16e5650a45410022c606
45.76.115.159, 02b4561b78fa16e5650a45410022c606
199.249.230.71, 02b4561b78fa16e5650a45410022c606
162.247.74.217, 02b4561b78fa16e5650a45410022c606
111.90.141.83, 02b4561b78fa16e5650a45410022c606
51.38.113.64, 02b4561b78fa16e5650a45410022c606
195.176.3.20, 02b4561b78fa16e5650a45410022c606
179.43.134.154, 02b4561b78fa16e5650a45410022c606
31.131.4.171, 02b4561b78fa16e5650a45410022c606
193.169.145.194, 02b4561b78fa16e5650a45410022c606
199.249.223.74, 02b4561b78fa16e5650a45410022c606
62.210.105.86, 02b4561b78fa16e5650a45410022c606
144.217.64.46, 02b4561b78fa16e5650a45410022c606
66.70.217.179, 02b4561b78fa16e5650a45410022c606
178.17.171.102, 02b4561b78fa16e5650a45410022c606
46.29.248.238, 02b4561b78fa16e5650a45410022c606
93.170.123.11, 02b4561b78fa16e5650a45410022c606
189.84.21.44, 02b4561b78fa16e5650a45410022c606
199.249.224.46, 02b4561b78fa16e5650a45410022c606
158.174.122.218, 02b4561b78fa16e5650a45410022c606
67.215.255.140, 02b4561b78fa16e5650a45410022c606
51.254.48.93, 02b4561b78fa16e5650a45410022c606
162.247.74.213, 02b4561b78fa16e5650a45410022c606
200.98.161.148, 02b4561b78fa16e5650a45410022c606
45.62.210.246, 02b4561b78fa16e5650a45410022c606
185.220.102.6, 02b4561b78fa16e5650a45410022c606
163.172.67.180, 02b4561b78fa16e5650a45410022c606
58.153.113.95, 02b4561b78fa16e5650a45410022c606
195.135.194.134, 02b4561b78fa16e5650a45410022c606
178.17.174.14, 02b4561b78fa16e5650a45410022c606
205.185.127.219, 02b4561b78fa16e5650a45410022c606
139.99.103.82, 02b4561b78fa16e5650a45410022c606
62.210.105.116, 02b4561b78fa16e5650a45410022c606
185.100.86.128, 02b4561b78fa16e5650a45410022c606
163.172.160.182, 02b4561b78fa16e5650a45410022c606
173.255.226.142, 02b4561b78fa16e5650a45410022c606
50.247.195.124, 02b4561b78fa16e5650a45410022c606
185.193.125.190, 02b4561b78fa16e5650a45410022c606
85.248.227.164, 02b4561b78fa16e5650a45410022c606
46.165.254.166, 02b4561b78fa16e5650a45410022c606
104.223.123.98, 02b4561b78fa16e5650a45410022c606
65.19.167.130, 02b4561b78fa16e5650a45410022c606
145.239.90.27, 02b4561b78fa16e5650a45410022c606
198.58.107.53, 02b4561b78fa16e5650a45410022c606
185.100.85.101, 02b4561b78fa16e5650a45410022c606
217.234.142.80, 02b4561b78fa16e5650a45410022c606
51.15.43.205, 02b4561b78fa16e5650a45410022c606
162.247.74.206, 02b4561b78fa16e5650a45410022c606
89.234.157.254, 02b4561b78fa16e5650a45410022c606
192.42.116.20, 02b4561b78fa16e5650a45410022c606
185.220.101.33, 02b4561b78fa16e5650a45410022c606
167.99.42.89, 02b4561b78fa16e5650a45410022c606
209.141.61.45, 02b4561b78fa16e5650a45410022c606
37.187.129.166, 02b4561b78fa16e5650a45410022c606
89.187.150.14, 02b4561b78fa16e5650a45410022c606
199.68.196.124, 02b4561b78fa16e5650a45410022c606
164.132.51.91, 02b4561b78fa16e5650a45410022c606
159.65.13.41, 02b4561b78fa16e5650a45410022c606
209.141.45.212, 02b4561b78fa16e5650a45410022c606
139.99.130.178, 02b4561b78fa16e5650a45410022c606
31.185.104.19, 02b4561b78fa16e5650a45410022c606
79.137.68.85, 02b4561b78fa16e5650a45410022c606
51.75.19.170, 02b4561b78fa16e5650a45410022c606
185.220.101.22, 02b4561b78fa16e5650a45410022c606
82.94.132.34, 02b4561b78fa16e5650a45410022c606
199.249.230.65, 02b4561b78fa16e5650a45410022c606
139.162.124.207, 02b4561b78fa16e5650a45410022c606
176.10.99.200, 02b4561b78fa16e5650a45410022c606
116.93.124.219, 02b4561b78fa16e5650a45410022c606
199.249.224.45, 02b4561b78fa16e5650a45410022c606
84.200.50.18, 02b4561b78fa16e5650a45410022c606
185.169.43.21, 02b4561b78fa16e5650a45410022c606
87.118.122.51, 02b4561b78fa16e5650a45410022c606
72.210.252.137, 02b4561b78fa16e5650a45410022c606
139.162.10.72, 02b4561b78fa16e5650a45410022c606
173.14.173.227, 02b4561b78fa16e5650a45410022c606
193.107.85.60, 02b4561b78fa16e5650a45410022c606
162.213.0.243, 02b4561b78fa16e5650a45410022c606
185.227.68.78, 02b4561b78fa16e5650a45410022c606
37.233.103.114, 02b4561b78fa16e5650a45410022c606
51.254.209.128, 02b4561b78fa16e5650a45410022c606
192.42.116.17, 02b4561b78fa16e5650a45410022c606
185.100.87.206, 02b4561b78fa16e5650a45410022c606
176.10.99.200, 02b4561b78fa16e5650a45410022c606
95.216.141.155, 02b4561b78fa16e5650a45410022c606
77.81.247.72, 02b4561b78fa16e5650a45410022c606
95.143.193.125, 02b4561b78fa16e5650a45410022c606
142.44.232.102, 02b4561b78fa16e5650a45410022c606
51.15.123.230, 02b4561b78fa16e5650a45410022c606
160.119.249.239, 02b4561b78fa16e5650a45410022c606
178.17.170.156, 02b4561b78fa16e5650a45410022c606
128.199.76.145, 02b4561b78fa16e5650a45410022c606
193.169.145.202, 02b4561b78fa16e5650a45410022c606
154.127.60.92, 02b4561b78fa16e5650a45410022c606
216.218.134.12, 02b4561b78fa16e5650a45410022c606
178.19.110.118, 02b4561b78fa16e5650a45410022c606
198.50.200.131, 02b4561b78fa16e5650a45410022c606
62.210.37.82, 02b4561b78fa16e5650a45410022c606
72.14.179.10, 02b4561b78fa16e5650a45410022c606
178.17.170.194, 02b4561b78fa16e5650a45410022c606
81.17.27.139, 02b4561b78fa16e5650a45410022c606
51.15.205.214, 02b4561b78fa16e5650a45410022c606
37.139.8.104, 02b4561b78fa16e5650a45410022c606
195.176.3.23, 02b4561b78fa16e5650a45410022c606
178.19.111.148, 02b4561b78fa16e5650a45410022c606
204.194.29.4, 02b4561b78fa16e5650a45410022c606
185.100.85.191, 02b4561b78fa16e5650a45410022c606
37.187.94.86, 02b4561b78fa16e5650a45410022c606
93.115.86.8, 02b4561b78fa16e5650a45410022c606
176.126.252.12, 02b4561b78fa16e5650a45410022c606
64.137.242.29, 02b4561b78fa16e5650a45410022c606
31.185.27.201, 02b4561b78fa16e5650a45410022c606
81.17.27.134, 02b4561b78fa16e5650a45410022c606
185.100.86.182, 02b4561b78fa16e5650a45410022c606
185.248.160.21, 02b4561b78fa16e5650a45410022c606
40.69.62.87, 02b4561b78fa16e5650a45410022c606
5.135.158.101, 02b4561b78fa16e5650a45410022c606
199.127.226.150, 02b4561b78fa16e5650a45410022c606
192.160.102.168, 02b4561b78fa16e5650a45410022c606
31.185.104.21, 02b4561b78fa16e5650a45410022c606
51.15.65.25, 02b4561b78fa16e5650a45410022c606
5.34.183.105, 02b4561b78fa16e5650a45410022c606
46.226.108.26, 02b4561b78fa16e5650a45410022c606
171.25.193.77, 02b4561b78fa16e5650a45410022c606
204.11.50.131, 02b4561b78fa16e5650a45410022c606
107.172.242.216, 02b4561b78fa16e5650a45410022c606
51.15.235.211, 02b4561b78fa16e5650a45410022c606
92.222.38.67, 02b4561b78fa16e5650a45410022c606
64.137.221.226, 02b4561b78fa16e5650a45410022c606
192.160.102.169, 02b4561b78fa16e5650a45410022c606
172.104.176.43, 02b4561b78fa16e5650a45410022c606
185.193.125.115, 02b4561b78fa16e5650a45410022c606
46.4.86.164, 02b4561b78fa16e5650a45410022c606
51.15.124.1, 02b4561b78fa16e5650a45410022c606
178.20.55.18, 02b4561b78fa16e5650a45410022c606
185.100.85.61, 02b4561b78fa16e5650a45410022c606
195.123.209.104, 02b4561b78fa16e5650a45410022c606
178.175.139.122, 02b4561b78fa16e5650a45410022c606
199.249.223.69, 02b4561b78fa16e5650a45410022c606
185.227.82.9, 02b4561b78fa16e5650a45410022c606
188.214.104.146, 02b4561b78fa16e5650a45410022c606
5.9.195.140, 02b4561b78fa16e5650a45410022c606
185.107.94.233, 02b4561b78fa16e5650a45410022c606
192.42.116.22, 02b4561b78fa16e5650a45410022c606
185.220.101.29, 02b4561b78fa16e5650a45410022c606
198.73.50.71, 02b4561b78fa16e5650a45410022c606
80.82.215.17, 02b4561b78fa16e5650a45410022c606
141.255.162.35, 02b4561b78fa16e5650a45410022c606
176.10.99.200, 02b4561b78fa16e5650a45410022c606
45.79.144.222, 02b4561b78fa16e5650a45410022c606
199.249.223.66, 02b4561b78fa16e5650a45410022c606
185.107.94.183, 02b4561b78fa16e5650a45410022c606
178.175.135.100, 02b4561b78fa16e5650a45410022c606
199.249.230.68, 02b4561b78fa16e5650a45410022c606
103.234.220.195, 02b4561b78fa16e5650a45410022c606
104.223.123.98, 02b4561b78fa16e5650a45410022c606
5.189.146.133, 02b4561b78fa16e5650a45410022c606
178.17.170.196, 02b4561b78fa16e5650a45410022c606
199.249.230.72, 02b4561b78fa16e5650a45410022c606
192.42.116.13, 02b4561b78fa16e5650a45410022c606
205.185.113.14, 02b4561b78fa16e5650a45410022c606
5.39.217.14, 02b4561b78fa16e5650a45410022c606
185.220.101.12, 02b4561b78fa16e5650a45410022c606
144.217.80.80, 02b4561b78fa16e5650a45410022c606
163.172.41.228, 02b4561b78fa16e5650a45410022c606
37.218.245.25, 02b4561b78fa16e5650a45410022c606
185.220.100.255, 02b4561b78fa16e5650a45410022c606
85.93.218.204, 02b4561b78fa16e5650a45410022c606
92.63.173.28, 02b4561b78fa16e5650a45410022c606
199.249.223.61, 02b4561b78fa16e5650a45410022c606
199.249.224.48, 02b4561b78fa16e5650a45410022c606
185.129.62.62, 02b4561b78fa16e5650a45410022c606
178.19.111.147, 02b4561b78fa16e5650a45410022c606
162.247.74.199, 02b4561b78fa16e5650a45410022c606
87.236.209.187, 02b4561b78fa16e5650a45410022c606
194.187.249.190, 02b4561b78fa16e5650a45410022c606
198.96.155.3, 02b4561b78fa16e5650a45410022c606
122.116.50.42, 02b4561b78fa16e5650a45410022c606
185.112.146.138, 02b4561b78fa16e5650a45410022c606
51.254.208.245, 02b4561b78fa16e5650a45410022c606
209.141.51.150, 02b4561b78fa16e5650a45410022c606
185.220.100.252, 02b4561b78fa16e5650a45410022c606
137.74.169.241, 02b4561b78fa16e5650a45410022c606
185.220.100.253, 02b4561b78fa16e5650a45410022c606
192.42.116.28, 02b4561b78fa16e5650a45410022c606
82.228.252.20, 02b4561b78fa16e5650a45410022c606
65.19.167.131, 02b4561b78fa16e5650a45410022c606
46.182.19.15, 02b4561b78fa16e5650a45410022c606
82.221.141.96, 02b4561b78fa16e5650a45410022c606
87.233.197.114, 02b4561b78fa16e5650a45410022c606
35.248.27.205, 02b4561b78fa16e5650a45410022c606
178.17.171.214, 02b4561b78fa16e5650a45410022c606
95.130.12.33, 02b4561b78fa16e5650a45410022c606
193.171.202.150, 02b4561b78fa16e5650a45410022c606
199.249.223.43, 02b4561b78fa16e5650a45410022c606
190.216.2.136, 02b4561b78fa16e5650a45410022c606
51.15.240.100, 02b4561b78fa16e5650a45410022c606
199.249.224.42, 02b4561b78fa16e5650a45410022c606
51.15.68.66, 02b4561b78fa16e5650a45410022c606
89.234.157.254, 02b4561b78fa16e5650a45410022c606
185.129.62.63, 02b4561b78fa16e5650a45410022c606
173.249.57.253, 02b4561b78fa16e5650a45410022c606
124.109.1.207, 02b4561b78fa16e5650a45410022c606
37.59.112.7, 02b4561b78fa16e5650a45410022c606
149.202.238.204, 02b4561b78fa16e5650a45410022c606
45.33.48.204, 02b4561b78fa16e5650a45410022c606
45.32.116.97, 02b4561b78fa16e5650a45410022c606
104.244.76.218, 02b4561b78fa16e5650a45410022c606
46.182.18.29, 02b4561b78fa16e5650a45410022c606
176.10.99.200, 02b4561b78fa16e5650a45410022c606
185.104.120.7, 02b4561b78fa16e5650a45410022c606
46.36.38.57, 02b4561b78fa16e5650a45410022c606
158.69.192.239, 02b4561b78fa16e5650a45410022c606
139.59.62.94, 02b4561b78fa16e5650a45410022c606
94.199.213.135, 02b4561b78fa16e5650a45410022c606
37.187.129.166, 02b4561b78fa16e5650a45410022c606
79.134.234.247, 02b4561b78fa16e5650a45410022c606
164.132.106.162, 02b4561b78fa16e5650a45410022c606
93.157.1.22, 02b4561b78fa16e5650a45410022c606
104.244.74.59, 02b4561b78fa16e5650a45410022c606
108.211.142.83, 02b4561b78fa16e5650a45410022c606
212.19.17.213, 02b4561b78fa16e5650a45410022c606
205.168.84.133, 02b4561b78fa16e5650a45410022c606
193.90.12.118, 02b4561b78fa16e5650a45410022c606
91.219.236.171, 02b4561b78fa16e5650a45410022c606
195.176.3.19, 02b4561b78fa16e5650a45410022c606
185.220.101.27, 02b4561b78fa16e5650a45410022c606
85.248.227.165, 02b4561b78fa16e5650a45410022c606
89.187.150.13, 02b4561b78fa16e5650a45410022c606
212.47.229.60, 02b4561b78fa16e5650a45410022c606
206.81.3.227, 02b4561b78fa16e5650a45410022c606
199.249.223.40, 02b4561b78fa16e5650a45410022c606
176.119.28.57, 02b4561b78fa16e5650a45410022c606
185.227.68.250, 02b4561b78fa16e5650a45410022c606
178.18.83.215, 02b4561b78fa16e5650a45410022c606
64.27.17.140, 02b4561b78fa16e5650a45410022c606
95.130.10.69, 02b4561b78fa16e5650a45410022c606
199.249.224.40, 02b4561b78fa16e5650a45410022c606
81.17.27.133, 02b4561b78fa16e5650a45410022c606
89.31.57.5, 02b4561b78fa16e5650a45410022c606
193.90.12.115, 02b4561b78fa16e5650a45410022c606
129.21.234.1, 02b4561b78fa16e5650a45410022c606
195.176.3.24, 02b4561b78fa16e5650a45410022c606
144.217.161.119, 02b4561b78fa16e5650a45410022c606
51.15.205.214, 02b4561b78fa16e5650a45410022c606
107.181.174.66, 02b4561b78fa16e5650a45410022c606
